Task,Date,Time,Category
Set an alarm for tomorrow,09-10-2024,17:45,Personal
Order office supplies,05-10-2024,14:00,Professional
Pay phone bill,30-09-2024,18:00,Personal
Order dinner for tonight,13-10-2024,09:30,Personal
Check flight status for a trip,08-10-2024,15:30,Personal
Call a friend to catch up,08-10-2024,15:45,Personal
Create budget forecast,25-09-2024,08:15,Professional
Order dinner for tonight,30-09-2024,18:15,Personal
Analyze sales performance,11-10-2024,09:15,Professional
Watch a movie with friends,07-10-2024,17:00,Personal
Conduct performance review,10-10-2024,15:15,Professional
Pay phone bill,13-10-2024,11:15,Personal
Set an alarm for tomorrow,20-09-2024,09:00,Personal
Schedule a doctor appointment,21-09-2024,17:00,Personal
Confirm interview with the candidate,22-09-2024,18:15,Professional
Review client feedback,09-10-2024,09:30,Professional
Draft marketing strategy,11-10-2024,16:00,Professional
Pay utility bills,26-09-2024,16:30,Personal
Check flight status for a trip,27-09-2024,08:15,Personal
Review client feedback,30-09-2024,11:00,Professional
Set an alarm for tomorrow,14-10-2024,08:45,Personal
Set an alarm for tomorrow,03-10-2024,18:30,Personal
Organize files for presentation,08-10-2024,18:15,Professional
Call mom in the evening,05-10-2024,10:00,Personal
Send proposal to new clients,10-10-2024,14:00,Professional
Analyze sales performance,03-10-2024,11:00,Professional
Attend project status meeting,24-09-2024,14:30,Professional
Book a dentist appointment,23-09-2024,17:00,Personal
Review team's weekly progress,16-10-2024,18:00,Professional
Watch a movie with friends,03-10-2024,14:00,Personal
Order dinner for tonight,18-10-2024,18:30,Personal
Watch a movie with friends,16-10-2024,13:30,Personal
Call mom in the evening,19-10-2024,14:00,Personal
Send proposal to new clients,27-09-2024,08:30,Professional
Pay phone bill,30-09-2024,16:45,Personal
Pick up dry cleaning,07-10-2024,17:30,Personal
Review team's weekly progress,08-10-2024,15:15,Professional
Prepare dinner for family,02-10-2024,13:00,Personal
Schedule a meeting with the team,17-10-2024,10:00,Professional
Send the updated contract,05-10-2024,08:45,Professional
Coordinate with vendors for event,26-09-2024,10:15,Professional
Host a conference call,25-09-2024,15:15,Professional
Clean the house,15-10-2024,14:30,Personal
Plan a family vacation,15-10-2024,14:30,Personal
Plan weekend road trip,16-10-2024,17:30,Personal
Schedule a meeting with the team,05-10-2024,10:30,Professional
Create budget forecast,22-09-2024,11:30,Professional
Prepare the project report,08-10-2024,14:30,Professional
Book a dentist appointment,28-09-2024,14:15,Personal
Watch a movie with friends,21-09-2024,11:15,Personal
Book a dentist appointment,19-10-2024,10:45,Personal
Order dinner for tonight,13-10-2024,14:45,Personal
Plan weekend road trip,24-09-2024,14:00,Personal
Send the updated contract,03-10-2024,14:45,Professional
Set an alarm for tomorrow,20-09-2024,13:15,Personal
Call a friend to catch up,11-10-2024,09:15,Personal
Book a dentist appointment,30-09-2024,15:00,Personal
Schedule maintenance for car,29-09-2024,15:30,Personal
Pick up dry cleaning,16-10-2024,13:45,Personal
Call a friend to catch up,15-10-2024,11:30,Personal
Pay phone bill,23-09-2024,09:00,Personal
Review client feedback,11-10-2024,18:00,Professional
Clean the house,17-10-2024,15:45,Personal
Check bank statements,02-10-2024,14:15,Personal
Schedule a doctor appointment,29-09-2024,17:15,Personal
Conduct performance review,22-09-2024,13:30,Professional
Plan a family vacation,25-09-2024,16:45,Personal
Order office supplies,21-09-2024,14:00,Professional
Review client feedback,01-10-2024,17:30,Professional
Organize files for presentation,02-10-2024,11:15,Professional
Schedule a doctor appointment,05-10-2024,13:00,Personal
Schedule a doctor appointment,17-10-2024,16:45,Personal
Host a conference call,11-10-2024,14:15,Professional
Watch a movie with friends,29-09-2024,09:45,Personal
Review client feedback,11-10-2024,17:00,Professional
Book a dentist appointment,28-09-2024,14:15,Personal
Review client feedback,26-09-2024,09:00,Professional
Schedule maintenance for car,18-10-2024,13:00,Personal
Confirm interview with the candidate,17-10-2024,09:45,Professional
Review client feedback,14-10-2024,15:15,Professional
Review quarterly earnings report,30-09-2024,14:00,Professional
Schedule maintenance for car,07-10-2024,18:45,Personal
Order office supplies,24-09-2024,13:45,Professional
Call a friend to catch up,01-10-2024,09:00,Personal
Review team's weekly progress,06-10-2024,12:30,Professional
Check flight status for a trip,15-10-2024,16:15,Personal
Organize files for presentation,09-10-2024,13:45,Professional
Send proposal to new clients,26-09-2024,14:00,Professional
Do laundry,21-09-2024,12:45,Personal
Watch a movie with friends,27-09-2024,13:15,Personal
Pay phone bill,25-09-2024,16:30,Personal
Call mom in the evening,02-10-2024,15:00,Personal
Send proposal to new clients,11-10-2024,14:30,Professional
Submit monthly expense report,10-10-2024,10:45,Professional
Analyze sales performance,24-09-2024,14:30,Professional
Prepare for an office presentation,01-10-2024,10:15,Professional
Submit monthly expense report,28-09-2024,08:15,Professional
Set a reminder for gym,16-10-2024,09:45,Personal
Prepare the project report,03-10-2024,13:30,Professional
Call a friend to catch up,01-10-2024,08:00,Personal
Plan a family vacation,19-10-2024,08:15,Personal
Create budget forecast,25-09-2024,18:15,Professional
Prepare the project report,19-10-2024,11:30,Professional
Review quarterly earnings report,19-10-2024,18:45,Professional
Prepare for an office presentation,30-09-2024,17:30,Professional
Clean the house,11-10-2024,17:45,Personal
Clean the house,02-10-2024,16:00,Personal
Pick up dry cleaning,01-10-2024,18:15,Personal
Plan a family vacation,15-10-2024,08:30,Personal
Reply to client emails,29-09-2024,14:00,Professional
Buy birthday gift,20-09-2024,12:15,Personal
Reply to client emails,11-10-2024,09:45,Professional
Call mom in the evening,17-10-2024,18:45,Personal
Plan a family vacation,01-10-2024,12:15,Personal
Coordinate with vendors for event,25-09-2024,16:30,Professional
Check flight status for a trip,13-10-2024,15:00,Personal
Prepare for an office presentation,28-09-2024,09:45,Professional
Review quarterly earnings report,04-10-2024,14:15,Professional
Reply to client emails,30-09-2024,09:00,Professional
Create budget forecast,15-10-2024,11:30,Professional
Book a dentist appointment,06-10-2024,18:30,Personal
Pick up dry cleaning,20-09-2024,13:15,Personal
Send the updated contract,21-09-2024,14:30,Professional
Host a conference call,11-10-2024,10:00,Professional
Pay utility bills,11-10-2024,10:45,Personal
Prepare the project report,11-10-2024,17:00,Professional
Clean the house,23-09-2024,17:45,Personal
Book a dentist appointment,03-10-2024,12:30,Personal
Send proposal to new clients,21-09-2024,13:00,Professional
Pay phone bill,26-09-2024,10:45,Personal
Do laundry,15-10-2024,09:15,Personal
Analyze sales performance,26-09-2024,11:45,Professional
Check bank statements,23-09-2024,15:15,Personal
Create budget forecast,17-10-2024,13:30,Professional
Plan a family vacation,21-09-2024,14:15,Personal
Draft marketing strategy,06-10-2024,13:30,Professional
Conduct performance review,06-10-2024,11:15,Professional
Draft marketing strategy,11-10-2024,18:15,Professional
Organize files for presentation,24-09-2024,18:45,Professional
Submit monthly expense report,06-10-2024,17:00,Professional
Buy birthday gift,26-09-2024,14:30,Personal
Prepare slides for the conference,18-10-2024,09:00,Professional
Create budget forecast,03-10-2024,09:30,Professional
Review client feedback,10-10-2024,14:00,Professional
Analyze sales performance,21-09-2024,14:00,Professional
Send the updated contract,11-10-2024,12:00,Professional
Pay utility bills,10-10-2024,17:15,Personal
Book a dentist appointment,14-10-2024,18:00,Personal
Create budget forecast,26-09-2024,08:45,Professional
Coordinate with vendors for event,12-10-2024,18:15,Professional
Clean the house,03-10-2024,08:00,Personal
Attend project status meeting,12-10-2024,14:15,Professional
Analyze sales performance,06-10-2024,12:15,Professional
Coordinate with vendors for event,02-10-2024,08:30,Professional
Order dinner for tonight,15-10-2024,12:00,Personal
Create budget forecast,07-10-2024,13:30,Professional
Review quarterly earnings report,04-10-2024,13:15,Professional
Reply to client emails,13-10-2024,12:30,Professional
Coordinate with vendors for event,16-10-2024,13:45,Professional
Send proposal to new clients,08-10-2024,16:00,Professional
Clean the house,07-10-2024,16:00,Personal
Order dinner for tonight,07-10-2024,17:00,Personal
Pay phone bill,24-09-2024,08:45,Personal
Buy birthday gift,07-10-2024,13:15,Personal
Conduct performance review,25-09-2024,09:30,Professional
Review team's weekly progress,18-10-2024,10:45,Professional
Prepare for an office presentation,26-09-2024,15:00,Professional
Confirm interview with the candidate,30-09-2024,08:30,Professional
Submit monthly expense report,18-10-2024,18:30,Professional
Schedule a doctor appointment,29-09-2024,18:15,Personal
Buy groceries,11-10-2024,11:30,Personal
Book a dentist appointment,24-09-2024,10:00,Personal
Review team's weekly progress,09-10-2024,09:45,Professional
Pick up dry cleaning,19-10-2024,16:30,Personal
Check bank statements,29-09-2024,16:00,Personal
Pay utility bills,27-09-2024,10:30,Personal
Review quarterly earnings report,20-09-2024,12:30,Professional
Prepare dinner for family,28-09-2024,14:15,Personal
Check flight status for a trip,24-09-2024,12:15,Personal
Coordinate with vendors for event,24-09-2024,10:30,Professional
Schedule maintenance for car,01-10-2024,09:15,Personal
Prepare dinner for family,28-09-2024,16:30,Personal
Set an alarm for tomorrow,23-09-2024,17:00,Personal
Prepare dinner for family,23-09-2024,10:30,Personal
Do laundry,18-10-2024,11:15,Personal
Coordinate with vendors for event,14-10-2024,16:30,Professional
Review client feedback,24-09-2024,12:45,Professional
Schedule a doctor appointment,13-10-2024,08:15,Personal
Prepare dinner for family,30-09-2024,15:45,Personal
Plan a family vacation,23-09-2024,09:15,Personal
Host a conference call,29-09-2024,12:45,Professional
Book a dentist appointment,14-10-2024,15:00,Personal
Pay phone bill,05-10-2024,17:45,Personal
Call a friend to catch up,28-09-2024,11:00,Personal
Conduct performance review,17-10-2024,09:00,Professional
Draft marketing strategy,30-09-2024,09:00,Professional
Set an alarm for tomorrow,04-10-2024,12:00,Personal
Call a friend to catch up,28-09-2024,09:45,Personal
Prepare slides for the conference,03-10-2024,13:00,Professional
Prepare dinner for family,17-10-2024,11:45,Personal
Schedule maintenance for car,22-09-2024,18:15,Personal
Review client feedback,01-10-2024,10:00,Professional
Coordinate with vendors for event,07-10-2024,11:00,Professional
Buy birthday gift,19-10-2024,18:00,Personal
Submit monthly expense report,30-09-2024,18:00,Professional
Schedule a meeting with the team,04-10-2024,17:15,Professional
Check bank statements,15-10-2024,10:15,Personal
Analyze sales performance,24-09-2024,13:00,Professional
Order dinner for tonight,07-10-2024,12:00,Personal
Watch a movie with friends,17-10-2024,11:15,Personal
Order office supplies,28-09-2024,08:15,Professional
Send proposal to new clients,21-09-2024,16:15,Professional
Buy birthday gift,07-10-2024,11:00,Personal
Draft marketing strategy,06-10-2024,18:15,Professional
Check flight status for a trip,26-09-2024,10:00,Personal
Update website content,08-10-2024,16:45,Professional
Order dinner for tonight,16-10-2024,14:15,Personal
Reply to client emails,04-10-2024,10:00,Professional
Plan weekend road trip,23-09-2024,15:45,Personal
Review client feedback,24-09-2024,08:15,Professional
Schedule maintenance for car,12-10-2024,14:45,Personal
Set an alarm for tomorrow,03-10-2024,12:30,Personal
Create budget forecast,03-10-2024,09:00,Professional
Prepare dinner for family,02-10-2024,13:00,Personal
Review team's weekly progress,06-10-2024,18:15,Professional
Send proposal to new clients,27-09-2024,17:00,Professional
Coordinate with vendors for event,19-10-2024,17:45,Professional
Plan weekend road trip,17-10-2024,11:00,Personal
Pick up dry cleaning,19-10-2024,10:15,Personal
Do laundry,10-10-2024,10:00,Personal
Watch a movie with friends,03-10-2024,08:15,Personal
Pay phone bill,18-10-2024,18:15,Personal
Submit monthly expense report,13-10-2024,16:15,Professional
Schedule maintenance for car,20-09-2024,16:30,Personal
Call a friend to catch up,06-10-2024,17:45,Personal
Prepare dinner for family,05-10-2024,10:30,Personal
Call mom in the evening,12-10-2024,09:45,Personal
Prepare slides for the conference,03-10-2024,15:30,Professional
Pay phone bill,04-10-2024,11:00,Personal
Review quarterly earnings report,05-10-2024,13:45,Professional
Call a friend to catch up,11-10-2024,17:30,Personal
Clean the house,03-10-2024,16:15,Personal
Buy birthday gift,27-09-2024,12:45,Personal
Confirm interview with the candidate,01-10-2024,16:00,Professional
Review quarterly earnings report,12-10-2024,13:15,Professional
Schedule a meeting with the team,30-09-2024,08:30,Professional
Pay phone bill,29-09-2024,10:00,Personal
Do laundry,05-10-2024,18:30,Personal
Buy groceries,10-10-2024,11:00,Personal
Prepare the project report,14-10-2024,11:30,Professional
Plan a family vacation,07-10-2024,11:00,Personal
Check flight status for a trip,25-09-2024,18:15,Personal
Book a dentist appointment,20-09-2024,12:45,Personal
Analyze sales performance,02-10-2024,17:30,Professional
Reply to client emails,30-09-2024,17:45,Professional
Watch a movie with friends,24-09-2024,13:45,Personal
Buy groceries,04-10-2024,09:45,Personal
Send proposal to new clients,27-09-2024,12:15,Professional
Review client feedback,17-10-2024,15:00,Professional
Create budget forecast,19-10-2024,11:00,Professional
Review team's weekly progress,18-10-2024,10:30,Professional
Send proposal to new clients,02-10-2024,15:45,Professional
Do laundry,03-10-2024,09:00,Personal
Prepare for an office presentation,02-10-2024,11:00,Professional
Call a friend to catch up,16-10-2024,09:45,Personal
Schedule maintenance for car,28-09-2024,10:45,Personal
Check bank statements,27-09-2024,11:15,Personal
Plan weekend road trip,22-09-2024,17:00,Personal
Pick up dry cleaning,24-09-2024,10:15,Personal
Pick up dry cleaning,07-10-2024,18:00,Personal
Prepare for an office presentation,07-10-2024,08:45,Professional
Schedule a meeting with the team,18-10-2024,14:00,Professional
Order office supplies,14-10-2024,12:30,Professional
Coordinate with vendors for event,09-10-2024,15:15,Professional
Organize files for presentation,24-09-2024,13:45,Professional
Call mom in the evening,21-09-2024,12:45,Personal
Confirm interview with the candidate,02-10-2024,12:15,Professional
Analyze sales performance,03-10-2024,10:30,Professional
Send the updated contract,25-09-2024,08:15,Professional
Update website content,09-10-2024,18:45,Professional
Buy groceries,05-10-2024,16:45,Personal
Buy birthday gift,11-10-2024,14:30,Personal
Confirm interview with the candidate,14-10-2024,09:15,Professional
Host a conference call,04-10-2024,11:45,Professional
Draft marketing strategy,25-09-2024,12:30,Professional
Plan a family vacation,13-10-2024,08:15,Personal
Schedule a doctor appointment,25-09-2024,13:15,Personal
Pay utility bills,04-10-2024,08:00,Personal
Schedule a meeting with the team,02-10-2024,15:45,Professional
Plan a family vacation,02-10-2024,12:15,Personal
Buy groceries,02-10-2024,17:15,Personal
Pay utility bills,14-10-2024,13:00,Personal
Pay phone bill,24-09-2024,10:30,Personal
Reply to client emails,23-09-2024,13:30,Professional
Review quarterly earnings report,12-10-2024,11:15,Professional
Check bank statements,18-10-2024,17:30,Personal
Draft marketing strategy,15-10-2024,18:00,Professional
Clean the house,11-10-2024,16:00,Personal
Buy birthday gift,03-10-2024,14:00,Personal
Call mom in the evening,29-09-2024,12:30,Personal
Set an alarm for tomorrow,09-10-2024,17:45,Personal
Order office supplies,05-10-2024,14:00,Professional
Pay phone bill,30-09-2024,18:00,Personal
Order dinner for tonight,13-10-2024,09:30,Personal
Check flight status for a trip,08-10-2024,15:30,Personal
Call a friend to catch up,08-10-2024,15:45,Personal
Create budget forecast,25-09-2024,08:15,Professional
Order dinner for tonight,30-09-2024,18:15,Personal
Analyze sales performance,11-10-2024,09:15,Professional
Watch a movie with friends,07-10-2024,17:00,Personal
Conduct performance review,10-10-2024,15:15,Professional
Pay phone bill,13-10-2024,11:15,Personal
Set an alarm for tomorrow,20-09-2024,09:00,Personal
Schedule a doctor appointment,21-09-2024,17:00,Personal
Confirm interview with the candidate,22-09-2024,18:15,Professional
Review client feedback,09-10-2024,09:30,Professional
Draft marketing strategy,11-10-2024,16:00,Professional
Pay utility bills,26-09-2024,16:30,Personal
Check flight status for a trip,27-09-2024,08:15,Personal
Review client feedback,30-09-2024,11:00,Professional
Set an alarm for tomorrow,14-10-2024,08:45,Personal
Set an alarm for tomorrow,03-10-2024,18:30,Personal
Organize files for presentation,08-10-2024,18:15,Professional
Call mom in the evening,05-10-2024,10:00,Personal
Send proposal to new clients,10-10-2024,14:00,Professional
Analyze sales performance,03-10-2024,11:00,Professional
Attend project status meeting,24-09-2024,14:30,Professional
Book a dentist appointment,23-09-2024,17:00,Personal
Review team's weekly progress,16-10-2024,18:00,Professional
Watch a movie with friends,03-10-2024,14:00,Personal
Order dinner for tonight,18-10-2024,18:30,Personal
Watch a movie with friends,16-10-2024,13:30,Personal
Call mom in the evening,19-10-2024,14:00,Personal
Send proposal to new clients,27-09-2024,08:30,Professional
Pay phone bill,30-09-2024,16:45,Personal
Pick up dry cleaning,07-10-2024,17:30,Personal
Review team's weekly progress,08-10-2024,15:15,Professional
Prepare dinner for family,02-10-2024,13:00,Personal
Schedule a meeting with the team,17-10-2024,10:00,Professional
Send the updated contract,05-10-2024,08:45,Professional
Coordinate with vendors for event,26-09-2024,10:15,Professional
Host a conference call,25-09-2024,15:15,Professional
Clean the house,15-10-2024,14:30,Personal
Plan a family vacation,15-10-2024,14:30,Personal
Plan weekend road trip,16-10-2024,17:30,Personal
Schedule a meeting with the team,05-10-2024,10:30,Professional
Create budget forecast,22-09-2024,11:30,Professional
Prepare the project report,08-10-2024,14:30,Professional
Book a dentist appointment,28-09-2024,14:15,Personal
Watch a movie with friends,21-09-2024,11:15,Personal
Book a dentist appointment,19-10-2024,10:45,Personal
Order dinner for tonight,13-10-2024,14:45,Personal
Plan weekend road trip,24-09-2024,14:00,Personal
Send the updated contract,03-10-2024,14:45,Professional
Set an alarm for tomorrow,20-09-2024,13:15,Personal
Call a friend to catch up,11-10-2024,09:15,Personal
Book a dentist appointment,30-09-2024,15:00,Personal
Schedule maintenance for car,29-09-2024,15:30,Personal
Pick up dry cleaning,16-10-2024,13:45,Personal
Call a friend to catch up,15-10-2024,11:30,Personal
Pay phone bill,23-09-2024,09:00,Personal
Review client feedback,11-10-2024,18:00,Professional
Clean the house,17-10-2024,15:45,Personal
Check bank statements,02-10-2024,14:15,Personal
Schedule a doctor appointment,29-09-2024,17:15,Personal
Conduct performance review,22-09-2024,13:30,Professional
Plan a family vacation,25-09-2024,16:45,Personal
Order office supplies,21-09-2024,14:00,Professional
Review client feedback,01-10-2024,17:30,Professional
Organize files for presentation,02-10-2024,11:15,Professional
Schedule a doctor appointment,05-10-2024,13:00,Personal
Schedule a doctor appointment,17-10-2024,16:45,Personal
Host a conference call,11-10-2024,14:15,Professional
Watch a movie with friends,29-09-2024,09:45,Personal
Review client feedback,11-10-2024,17:00,Professional
Book a dentist appointment,28-09-2024,14:15,Personal
Review client feedback,26-09-2024,09:00,Professional
Schedule maintenance for car,18-10-2024,13:00,Personal
Confirm interview with the candidate,17-10-2024,09:45,Professional
Review client feedback,14-10-2024,15:15,Professional
Review quarterly earnings report,30-09-2024,14:00,Professional
Schedule maintenance for car,07-10-2024,18:45,Personal
Order office supplies,24-09-2024,13:45,Professional
Call a friend to catch up,01-10-2024,09:00,Personal
Review team's weekly progress,06-10-2024,12:30,Professional
Check flight status for a trip,15-10-2024,16:15,Personal
Organize files for presentation,09-10-2024,13:45,Professional
Send proposal to new clients,26-09-2024,14:00,Professional
Do laundry,21-09-2024,12:45,Personal
Watch a movie with friends,27-09-2024,13:15,Personal
Pay phone bill,25-09-2024,16:30,Personal
Call mom in the evening,02-10-2024,15:00,Personal
Send proposal to new clients,11-10-2024,14:30,Professional
Submit monthly expense report,10-10-2024,10:45,Professional
Analyze sales performance,24-09-2024,14:30,Professional
Prepare for an office presentation,01-10-2024,10:15,Professional
Submit monthly expense report,28-09-2024,08:15,Professional
Set a reminder for gym,16-10-2024,09:45,Personal
Prepare the project report,03-10-2024,13:30,Professional
Call a friend to catch up,01-10-2024,08:00,Personal
Plan a family vacation,19-10-2024,08:15,Personal
Create budget forecast,25-09-2024,18:15,Professional
Prepare the project report,19-10-2024,11:30,Professional
Review quarterly earnings report,19-10-2024,18:45,Professional
Prepare for an office presentation,30-09-2024,17:30,Professional
Clean the house,11-10-2024,17:45,Personal
Clean the house,02-10-2024,16:00,Personal
Pick up dry cleaning,01-10-2024,18:15,Personal
Plan a family vacation,15-10-2024,08:30,Personal
Reply to client emails,29-09-2024,14:00,Professional
Buy birthday gift,20-09-2024,12:15,Personal
Reply to client emails,11-10-2024,09:45,Professional
Call mom in the evening,17-10-2024,18:45,Personal
Plan a family vacation,01-10-2024,12:15,Personal
Coordinate with vendors for event,25-09-2024,16:30,Professional
Check flight status for a trip,13-10-2024,15:00,Personal
Prepare for an office presentation,28-09-2024,09:45,Professional
Review quarterly earnings report,04-10-2024,14:15,Professional
Reply to client emails,30-09-2024,09:00,Professional
Create budget forecast,15-10-2024,11:30,Professional
Book a dentist appointment,06-10-2024,18:30,Personal
Pick up dry cleaning,20-09-2024,13:15,Personal
Send the updated contract,21-09-2024,14:30,Professional
Host a conference call,11-10-2024,10:00,Professional
Pay utility bills,11-10-2024,10:45,Personal
Prepare the project report,11-10-2024,17:00,Professional
Clean the house,23-09-2024,17:45,Personal
Book a dentist appointment,03-10-2024,12:30,Personal
Send proposal to new clients,21-09-2024,13:00,Professional
Pay phone bill,26-09-2024,10:45,Personal
Do laundry,15-10-2024,09:15,Personal
Analyze sales performance,26-09-2024,11:45,Professional
Check bank statements,23-09-2024,15:15,Personal
Create budget forecast,17-10-2024,13:30,Professional
Plan a family vacation,21-09-2024,14:15,Personal
Draft marketing strategy,06-10-2024,13:30,Professional
Conduct performance review,06-10-2024,11:15,Professional
Draft marketing strategy,11-10-2024,18:15,Professional
Organize files for presentation,24-09-2024,18:45,Professional
Submit monthly expense report,06-10-2024,17:00,Professional
Buy birthday gift,26-09-2024,14:30,Personal
Prepare slides for the conference,18-10-2024,09:00,Professional
Create budget forecast,03-10-2024,09:30,Professional
Review client feedback,10-10-2024,14:00,Professional
Analyze sales performance,21-09-2024,14:00,Professional
Send the updated contract,11-10-2024,12:00,Professional
Pay utility bills,10-10-2024,17:15,Personal
Book a dentist appointment,14-10-2024,18:00,Personal
Create budget forecast,26-09-2024,08:45,Professional
Coordinate with vendors for event,12-10-2024,18:15,Professional
Clean the house,03-10-2024,08:00,Personal
Attend project status meeting,12-10-2024,14:15,Professional
Analyze sales performance,06-10-2024,12:15,Professional
Coordinate with vendors for event,02-10-2024,08:30,Professional
Order dinner for tonight,15-10-2024,12:00,Personal
Create budget forecast,07-10-2024,13:30,Professional
Review quarterly earnings report,04-10-2024,13:15,Professional
Reply to client emails,13-10-2024,12:30,Professional
Coordinate with vendors for event,16-10-2024,13:45,Professional
Send proposal to new clients,08-10-2024,16:00,Professional
Clean the house,07-10-2024,16:00,Personal
Order dinner for tonight,07-10-2024,17:00,Personal
Pay phone bill,24-09-2024,08:45,Personal
Buy birthday gift,07-10-2024,13:15,Personal
Conduct performance review,25-09-2024,09:30,Professional
Review team's weekly progress,18-10-2024,10:45,Professional
Prepare for an office presentation,26-09-2024,15:00,Professional
Confirm interview with the candidate,30-09-2024,08:30,Professional
Submit monthly expense report,18-10-2024,18:30,Professional
Schedule a doctor appointment,29-09-2024,18:15,Personal
Buy groceries,11-10-2024,11:30,Personal
Book a dentist appointment,24-09-2024,10:00,Personal
Review team's weekly progress,09-10-2024,09:45,Professional
Pick up dry cleaning,19-10-2024,16:30,Personal
Check bank statements,29-09-2024,16:00,Personal
Pay utility bills,27-09-2024,10:30,Personal
Review quarterly earnings report,20-09-2024,12:30,Professional
Prepare dinner for family,28-09-2024,14:15,Personal
Check flight status for a trip,24-09-2024,12:15,Personal
Coordinate with vendors for event,24-09-2024,10:30,Professional
Schedule maintenance for car,01-10-2024,09:15,Personal
Prepare dinner for family,28-09-2024,16:30,Personal
Set an alarm for tomorrow,23-09-2024,17:00,Personal
Prepare dinner for family,23-09-2024,10:30,Personal
Do laundry,18-10-2024,11:15,Personal
Coordinate with vendors for event,14-10-2024,16:30,Professional
Review client feedback,24-09-2024,12:45,Professional
Schedule a doctor appointment,13-10-2024,08:15,Personal
Prepare dinner for family,30-09-2024,15:45,Personal
Plan a family vacation,23-09-2024,09:15,Personal
Host a conference call,29-09-2024,12:45,Professional
Book a dentist appointment,14-10-2024,15:00,Personal
Pay phone bill,05-10-2024,17:45,Personal
Call a friend to catch up,28-09-2024,11:00,Personal
Conduct performance review,17-10-2024,09:00,Professional
Draft marketing strategy,30-09-2024,09:00,Professional
Set an alarm for tomorrow,04-10-2024,12:00,Personal
Call a friend to catch up,28-09-2024,09:45,Personal
Prepare slides for the conference,03-10-2024,13:00,Professional
Prepare dinner for family,17-10-2024,11:45,Personal
Schedule maintenance for car,22-09-2024,18:15,Personal
Review client feedback,01-10-2024,10:00,Professional
Coordinate with vendors for event,07-10-2024,11:00,Professional
Buy birthday gift,19-10-2024,18:00,Personal
Submit monthly expense report,30-09-2024,18:00,Professional
Schedule a meeting with the team,04-10-2024,17:15,Professional
Check bank statements,15-10-2024,10:15,Personal
Analyze sales performance,24-09-2024,13:00,Professional
Order dinner for tonight,07-10-2024,12:00,Personal
Watch a movie with friends,17-10-2024,11:15,Personal
Order office supplies,28-09-2024,08:15,Professional
Send proposal to new clients,21-09-2024,16:15,Professional
Buy birthday gift,07-10-2024,11:00,Personal
Draft marketing strategy,06-10-2024,18:15,Professional
Check flight status for a trip,26-09-2024,10:00,Personal
Update website content,08-10-2024,16:45,Professional
Order dinner for tonight,16-10-2024,14:15,Personal
Reply to client emails,04-10-2024,10:00,Professional
Plan weekend road trip,23-09-2024,15:45,Personal
Review client feedback,24-09-2024,08:15,Professional
Schedule maintenance for car,12-10-2024,14:45,Personal
Set an alarm for tomorrow,03-10-2024,12:30,Personal
Create budget forecast,03-10-2024,09:00,Professional
Prepare dinner for family,02-10-2024,13:00,Personal
Review team's weekly progress,06-10-2024,18:15,Professional
Send proposal to new clients,27-09-2024,17:00,Professional
Coordinate with vendors for event,19-10-2024,17:45,Professional
Plan weekend road trip,17-10-2024,11:00,Personal
Pick up dry cleaning,19-10-2024,10:15,Personal
Do laundry,10-10-2024,10:00,Personal
Watch a movie with friends,03-10-2024,08:15,Personal
Pay phone bill,18-10-2024,18:15,Personal
Submit monthly expense report,13-10-2024,16:15,Professional
Schedule maintenance for car,20-09-2024,16:30,Personal
Call a friend to catch up,06-10-2024,17:45,Personal
Prepare dinner for family,05-10-2024,10:30,Personal
Call mom in the evening,12-10-2024,09:45,Personal
Prepare slides for the conference,03-10-2024,15:30,Professional
Pay phone bill,04-10-2024,11:00,Personal
Review quarterly earnings report,05-10-2024,13:45,Professional
Call a friend to catch up,11-10-2024,17:30,Personal
Clean the house,03-10-2024,16:15,Personal
Buy birthday gift,27-09-2024,12:45,Personal
Confirm interview with the candidate,01-10-2024,16:00,Professional
Review quarterly earnings report,12-10-2024,13:15,Professional
Schedule a meeting with the team,30-09-2024,08:30,Professional
Pay phone bill,29-09-2024,10:00,Personal
Do laundry,05-10-2024,18:30,Personal
Buy groceries,10-10-2024,11:00,Personal
Prepare the project report,14-10-2024,11:30,Professional
Plan a family vacation,07-10-2024,11:00,Personal
Check flight status for a trip,25-09-2024,18:15,Personal
Book a dentist appointment,20-09-2024,12:45,Personal
Analyze sales performance,02-10-2024,17:30,Professional
Reply to client emails,30-09-2024,17:45,Professional
Watch a movie with friends,24-09-2024,13:45,Personal
Buy groceries,04-10-2024,09:45,Personal
Send proposal to new clients,27-09-2024,12:15,Professional
Review client feedback,17-10-2024,15:00,Professional
Create budget forecast,19-10-2024,11:00,Professional
Review team's weekly progress,18-10-2024,10:30,Professional
Send proposal to new clients,02-10-2024,15:45,Professional
Do laundry,03-10-2024,09:00,Personal
Prepare for an office presentation,02-10-2024,11:00,Professional
Call a friend to catch up,16-10-2024,09:45,Personal
Schedule maintenance for car,28-09-2024,10:45,Personal
Check bank statements,27-09-2024,11:15,Personal
Plan weekend road trip,22-09-2024,17:00,Personal
Pick up dry cleaning,24-09-2024,10:15,Personal
Pick up dry cleaning,07-10-2024,18:00,Personal
Prepare for an office presentation,07-10-2024,08:45,Professional
Schedule a meeting with the team,18-10-2024,14:00,Professional
Order office supplies,14-10-2024,12:30,Professional
Coordinate with vendors for event,09-10-2024,15:15,Professional
Organize files for presentation,24-09-2024,13:45,Professional
Call mom in the evening,21-09-2024,12:45,Personal
Confirm interview with the candidate,02-10-2024,12:15,Professional
Analyze sales performance,03-10-2024,10:30,Professional
Send the updated contract,25-09-2024,08:15,Professional
Update website content,09-10-2024,18:45,Professional
Buy groceries,05-10-2024,16:45,Personal
Buy birthday gift,11-10-2024,14:30,Personal
Confirm interview with the candidate,14-10-2024,09:15,Professional
Host a conference call,04-10-2024,11:45,Professional
Draft marketing strategy,25-09-2024,12:30,Professional
Plan a family vacation,13-10-2024,08:15,Personal
Schedule a doctor appointment,25-09-2024,13:15,Personal
Pay utility bills,04-10-2024,08:00,Personal
Schedule a meeting with the team,02-10-2024,15:45,Professional
Plan a family vacation,02-10-2024,12:15,Personal
Buy groceries,02-10-2024,17:15,Personal
Pay utility bills,14-10-2024,13:00,Personal
Pay phone bill,24-09-2024,10:30,Personal
Reply to client emails,23-09-2024,13:30,Professional
Review quarterly earnings report,12-10-2024,11:15,Professional
Check bank statements,18-10-2024,17:30,Personal
Draft marketing strategy,15-10-2024,18:00,Professional
Clean the house,11-10-2024,16:00,Personal
Buy birthday gift,03-10-2024,14:00,Personal
Call mom in the evening,29-09-2024,12:30,Personal
Pick up dry cleaning,11-10-2024,12:30,Personal
Order office supplies,06-10-2024,12:15,Professional
Send the updated contract,02-10-2024,12:15,Professional
Buy groceries,19-10-2024,13:45,Personal
Pay utility bills,08-10-2024,11:45,Personal
Prepare slides for the conference,17-10-2024,18:00,Professional
Do laundry,21-09-2024,16:30,Personal
Buy birthday gift,21-09-2024,11:45,Personal
Order dinner for tonight,19-10-2024,16:15,Personal
Buy birthday gift,24-09-2024,08:45,Personal
Call mom in the evening,08-10-2024,10:00,Personal
Send the updated contract,13-10-2024,11:00,Professional
Prepare slides for the conference,11-10-2024,15:30,Professional
Attend project status meeting,19-10-2024,09:45,Professional
Host a conference call,26-09-2024,09:45,Professional
Analyze sales performance,24-09-2024,18:45,Professional
Send the updated contract,16-10-2024,08:15,Professional
Reply to client emails,16-10-2024,10:30,Professional
Prepare the project report,13-10-2024,12:45,Professional
Order office supplies,11-10-2024,13:30,Professional
Check bank statements,14-10-2024,13:00,Personal
Buy birthday gift,18-10-2024,14:15,Personal
Prepare slides for the conference,13-10-2024,12:30,Professional
Order dinner for tonight,05-10-2024,13:15,Personal
Pay utility bills,12-10-2024,12:00,Personal
Draft marketing strategy,30-09-2024,17:45,Professional
Call a friend to catch up,21-09-2024,13:45,Personal
Coordinate with vendors for event,24-09-2024,12:00,Professional
Buy groceries,27-09-2024,17:30,Personal
Plan a family vacation,05-10-2024,11:30,Personal
Order office supplies,03-10-2024,11:00,Professional
Create budget forecast,20-09-2024,13:00,Professional
Order office supplies,20-09-2024,14:45,Professional
Prepare the project report,26-09-2024,14:30,Professional
Prepare the project report,14-10-2024,11:00,Professional
Set an alarm for tomorrow,06-10-2024,08:30,Personal
Order dinner for tonight,23-09-2024,13:15,Personal
Buy birthday gift,17-10-2024,14:45,Personal
Schedule maintenance for car,05-10-2024,18:00,Personal
Create budget forecast,03-10-2024,18:00,Professional
Set a reminder for gym,05-10-2024,13:00,Personal
Organize files for presentation,17-10-2024,16:00,Professional
Prepare slides for the conference,26-09-2024,11:30,Professional
Book a dentist appointment,17-10-2024,08:45,Personal
Submit monthly expense report,28-09-2024,09:00,Professional
Pay utility bills,07-10-2024,15:30,Personal
Schedule a doctor appointment,28-09-2024,12:45,Personal
Reply to client emails,20-09-2024,17:00,Professional
Coordinate with vendors for event,08-10-2024,16:45,Professional
Schedule a meeting with the team,06-10-2024,11:30,Professional
Watch a movie with friends,23-09-2024,17:00,Personal
Send proposal to new clients,14-10-2024,10:00,Professional
Call mom in the evening,09-10-2024,15:30,Personal
Prepare slides for the conference,26-09-2024,08:15,Professional
Prepare dinner for family,09-10-2024,10:15,Personal
Attend project status meeting,18-10-2024,12:15,Professional
Check flight status for a trip,22-09-2024,16:45,Personal
Pay phone bill,21-09-2024,18:15,Personal
Reply to client emails,12-10-2024,18:45,Professional
Organize files for presentation,19-10-2024,18:00,Professional
Pick up dry cleaning,09-10-2024,08:00,Personal
Review quarterly earnings report,22-09-2024,14:15,Professional
Attend project status meeting,30-09-2024,15:45,Professional
Conduct performance review,07-10-2024,16:45,Professional
Buy birthday gift,28-09-2024,08:15,Personal
Review team's weekly progress,25-09-2024,13:45,Professional
Plan a family vacation,18-10-2024,16:45,Personal
Submit monthly expense report,19-10-2024,11:15,Professional
Buy birthday gift,24-09-2024,11:00,Personal
Pay utility bills,11-10-2024,18:30,Personal
Pay phone bill,30-09-2024,15:15,Personal
Call mom in the evening,01-10-2024,14:30,Personal
Review client feedback,17-10-2024,13:15,Professional
Set a reminder for gym,17-10-2024,14:15,Personal
Draft marketing strategy,14-10-2024,17:45,Professional
Review team's weekly progress,11-10-2024,12:15,Professional
Prepare the project report,02-10-2024,18:00,Professional
Organize files for presentation,10-10-2024,12:30,Professional
Draft marketing strategy,06-10-2024,12:45,Professional
Order office supplies,26-09-2024,12:45,Professional
Set a reminder for gym,08-10-2024,10:15,Personal
Create budget forecast,08-10-2024,12:00,Professional
Prepare dinner for family,13-10-2024,14:30,Personal
Organize files for presentation,25-09-2024,15:00,Professional
Check bank statements,26-09-2024,08:30,Personal
Review client feedback,01-10-2024,14:45,Professional
Plan a family vacation,29-09-2024,17:45,Personal
Review quarterly earnings report,02-10-2024,13:15,Professional
Coordinate with vendors for event,09-10-2024,11:45,Professional
Watch a movie with friends,18-10-2024,08:45,Personal
Organize files for presentation,25-09-2024,14:30,Professional
Prepare for an office presentation,22-09-2024,13:30,Professional
Call mom in the evening,19-10-2024,14:00,Personal
Confirm interview with the candidate,21-09-2024,13:45,Professional
Send proposal to new clients,14-10-2024,12:30,Professional
Organize files for presentation,05-10-2024,14:15,Professional
Organize files for presentation,20-09-2024,16:30,Professional
Order office supplies,23-09-2024,17:15,Professional
Buy groceries,16-10-2024,17:45,Personal
Set an alarm for tomorrow,15-10-2024,16:30,Personal
Plan weekend road trip,02-10-2024,09:15,Personal
Check bank statements,02-10-2024,13:45,Personal
Check bank statements,21-09-2024,12:15,Personal
Attend project status meeting,11-10-2024,16:45,Professional
Clean the house,18-10-2024,13:15,Personal
Reply to client emails,05-10-2024,11:45,Professional
Prepare the project report,15-10-2024,11:00,Professional
Set a reminder for gym,22-09-2024,11:00,Personal
Clean the house,07-10-2024,15:00,Personal
Review team's weekly progress,17-10-2024,12:00,Professional
Schedule a doctor appointment,29-09-2024,08:30,Personal
Draft marketing strategy,25-09-2024,10:00,Professional
Prepare dinner for family,29-09-2024,13:15,Personal
Analyze sales performance,07-10-2024,11:00,Professional
Coordinate with vendors for event,28-09-2024,08:15,Professional
Prepare slides for the conference,06-10-2024,09:00,Professional
Send the updated contract,14-10-2024,16:15,Professional
Conduct performance review,03-10-2024,11:15,Professional
Check bank statements,02-10-2024,11:00,Personal
Conduct performance review,13-10-2024,08:45,Professional
Check flight status for a trip,28-09-2024,13:15,Personal
Plan a family vacation,11-10-2024,16:45,Personal
Conduct performance review,05-10-2024,08:30,Professional
Analyze sales performance,19-10-2024,08:15,Professional
Prepare for an office presentation,30-09-2024,16:00,Professional
Check flight status for a trip,22-09-2024,16:45,Personal
Pay utility bills,04-10-2024,17:15,Personal
Order office supplies,21-09-2024,14:45,Professional
Clean the house,11-10-2024,18:45,Personal
Pay utility bills,06-10-2024,13:30,Personal
Send the updated contract,05-10-2024,16:30,Professional
Send proposal to new clients,03-10-2024,10:30,Professional
Confirm interview with the candidate,07-10-2024,17:15,Professional
Conduct performance review,13-10-2024,10:30,Professional
Watch a movie with friends,09-10-2024,15:30,Personal
Update website content,17-10-2024,13:30,Professional
Review quarterly earnings report,08-10-2024,16:15,Professional
Do laundry,04-10-2024,16:00,Personal
Host a conference call,03-10-2024,18:00,Professional
Confirm interview with the candidate,22-09-2024,09:30,Professional
Prepare slides for the conference,15-10-2024,14:30,Professional
Reply to client emails,29-09-2024,10:00,Professional
Pick up dry cleaning,22-09-2024,09:45,Personal
Review team's weekly progress,08-10-2024,16:30,Professional
Check bank statements,18-10-2024,14:30,Personal
Check flight status for a trip,22-09-2024,15:00,Personal
Schedule a meeting with the team,23-09-2024,12:30,Professional
Review team's weekly progress,24-09-2024,10:45,Professional
Check bank statements,10-10-2024,10:15,Personal
Send proposal to new clients,17-10-2024,17:30,Professional
Pay phone bill,28-09-2024,11:45,Personal
Confirm interview with the candidate,18-10-2024,13:00,Professional
Organize files for presentation,09-10-2024,12:45,Professional
Clean the house,25-09-2024,08:45,Personal
Send proposal to new clients,21-09-2024,11:30,Professional
Update website content,25-09-2024,15:00,Professional
Schedule a doctor appointment,28-09-2024,15:30,Personal
Prepare for an office presentation,12-10-2024,09:45,Professional
Plan weekend road trip,09-10-2024,09:30,Personal
Review quarterly earnings report,25-09-2024,08:30,Professional
Prepare dinner for family,19-10-2024,11:45,Personal
Call a friend to catch up,07-10-2024,11:00,Personal
Send the updated contract,21-09-2024,12:15,Professional
Clean the house,12-10-2024,12:00,Personal
Check bank statements,12-10-2024,14:15,Personal
Update website content,21-09-2024,11:15,Professional
Prepare slides for the conference,19-10-2024,17:15,Professional
Review team's weekly progress,16-10-2024,13:15,Professional
Pick up dry cleaning,07-10-2024,09:30,Personal
Reply to client emails,25-09-2024,17:00,Professional
Prepare dinner for family,07-10-2024,17:45,Personal
Review quarterly earnings report,25-09-2024,09:00,Professional
Host a conference call,23-09-2024,12:45,Professional
Plan weekend road trip,12-10-2024,17:00,Personal
Do laundry,14-10-2024,15:45,Personal
Schedule maintenance for car,22-09-2024,10:45,Personal
Prepare dinner for family,04-10-2024,10:15,Personal
Coordinate with vendors for event,22-09-2024,18:15,Professional
Schedule a doctor appointment,07-10-2024,12:45,Personal
Attend project status meeting,12-10-2024,14:00,Professional
Set a reminder for gym,03-10-2024,11:00,Personal
Schedule maintenance for car,23-09-2024,13:30,Personal
Send proposal to new clients,01-10-2024,14:15,Professional
Set a reminder for gym,12-10-2024,10:30,Personal
Plan weekend road trip,26-09-2024,13:15,Personal
Pay phone bill,26-09-2024,09:00,Personal
Buy birthday gift,15-10-2024,18:15,Personal
Organize files for presentation,29-09-2024,09:15,Professional
Pay utility bills,10-10-2024,09:45,Personal
Pick up dry cleaning,01-10-2024,10:00,Personal
Prepare slides for the conference,06-10-2024,13:45,Professional
Schedule maintenance for car,17-10-2024,10:15,Personal
Draft marketing strategy,03-10-2024,15:00,Professional
Prepare slides for the conference,24-09-2024,09:15,Professional
Set an alarm for tomorrow,30-09-2024,18:15,Personal
Prepare slides for the conference,18-10-2024,11:45,Professional
Review quarterly earnings report,11-10-2024,15:30,Professional
Submit monthly expense report,05-10-2024,16:00,Professional
Draft marketing strategy,20-09-2024,12:45,Professional
Schedule maintenance for car,28-09-2024,11:15,Personal
Set an alarm for tomorrow,12-10-2024,09:15,Personal
Schedule a meeting with the team,28-09-2024,09:30,Professional
Send the updated contract,01-10-2024,18:30,Professional
Book a dentist appointment,02-10-2024,16:15,Personal
Host a conference call,21-09-2024,18:30,Professional
Confirm interview with the candidate,29-09-2024,09:00,Professional
Plan a family vacation,08-10-2024,18:00,Personal
Clean the house,24-09-2024,10:15,Personal
Order office supplies,08-10-2024,11:00,Professional
Review client feedback,07-10-2024,17:45,Professional
Review client feedback,06-10-2024,17:30,Professional
Buy groceries,20-09-2024,12:15,Personal
Pay phone bill,09-10-2024,12:15,Personal
Buy birthday gift,28-09-2024,17:45,Personal
Send proposal to new clients,13-10-2024,14:45,Professional
Order dinner for tonight,01-10-2024,11:00,Personal
Schedule a meeting with the team,01-10-2024,16:00,Professional
Attend project status meeting,10-10-2024,16:45,Professional
Pay phone bill,27-09-2024,09:15,Personal
Schedule a doctor appointment,01-10-2024,10:45,Personal
Pay utility bills,06-10-2024,18:00,Personal
Host a conference call,09-10-2024,18:45,Professional
Check bank statements,26-09-2024,14:00,Personal
Pick up dry cleaning,07-10-2024,15:15,Personal
Order dinner for tonight,20-09-2024,10:45,Personal
Buy groceries,26-09-2024,09:15,Personal
Order dinner for tonight,05-10-2024,15:00,Personal
Create budget forecast,07-10-2024,09:45,Professional
Schedule maintenance for car,12-10-2024,14:30,Personal
Prepare slides for the conference,16-10-2024,16:30,Professional
Buy groceries,03-10-2024,09:15,Personal
Attend project status meeting,07-10-2024,17:30,Professional
Set an alarm for tomorrow,11-10-2024,09:00,Personal
Do laundry,26-09-2024,11:45,Personal
Call mom in the evening,14-10-2024,12:00,Personal
Check bank statements,09-10-2024,14:15,Personal
Create budget forecast,05-10-2024,16:30,Professional
Create budget forecast,20-09-2024,17:30,Professional
Coordinate with vendors for event,24-09-2024,18:30,Professional
Pick up dry cleaning,03-10-2024,08:30,Personal
Order office supplies,29-09-2024,17:45,Professional
Attend project status meeting,19-10-2024,13:15,Professional
Schedule maintenance for car,08-10-2024,12:30,Personal
Coordinate with vendors for event,30-09-2024,10:15,Professional
Prepare for an office presentation,02-10-2024,10:30,Professional
Review team's weekly progress,14-10-2024,10:30,Professional
Schedule a meeting with the team,25-09-2024,12:45,Professional
Prepare the project report,04-10-2024,12:15,Professional
Coordinate with vendors for event,18-10-2024,11:15,Professional
Reply to client emails,19-10-2024,13:30,Professional
Pick up dry cleaning,20-09-2024,09:00,Personal
Review client feedback,23-09-2024,17:45,Professional
Send proposal to new clients,25-09-2024,11:30,Professional
Conduct performance review,21-09-2024,14:00,Professional
Reply to client emails,16-10-2024,17:00,Professional
Watch a movie with friends,21-09-2024,14:15,Personal
Review quarterly earnings report,18-10-2024,11:15,Professional
Pick up dry cleaning,26-09-2024,12:45,Personal
Conduct performance review,19-10-2024,18:15,Professional
Buy groceries,28-09-2024,15:15,Personal
Prepare dinner for family,22-09-2024,17:00,Personal
Do laundry,25-09-2024,14:30,Personal
Call mom in the evening,21-09-2024,11:00,Personal
Attend project status meeting,16-10-2024,15:15,Professional
Schedule maintenance for car,13-10-2024,13:00,Personal
Send the updated contract,06-10-2024,08:30,Professional
Watch a movie with friends,12-10-2024,17:00,Personal
Prepare for an office presentation,22-09-2024,08:00,Professional
Analyze sales performance,26-09-2024,08:45,Professional
Watch a movie with friends,23-09-2024,14:15,Personal
Order dinner for tonight,26-09-2024,13:45,Personal
Coordinate with vendors for event,10-10-2024,14:15,Professional
Analyze sales performance,04-10-2024,09:30,Professional
Coordinate with vendors for event,24-09-2024,13:30,Professional
Review client feedback,26-09-2024,13:15,Professional
Prepare for an office presentation,17-10-2024,08:15,Professional
Order dinner for tonight,21-09-2024,13:00,Personal
Plan weekend road trip,06-10-2024,13:30,Personal
Buy birthday gift,07-10-2024,10:30,Personal
Schedule maintenance for car,14-10-2024,17:15,Personal
Prepare the project report,09-10-2024,14:45,Professional
Clean the house,26-09-2024,12:15,Personal
Prepare the project report,09-10-2024,14:45,Professional
Check flight status for a trip,16-10-2024,08:00,Personal
Call a friend to catch up,15-10-2024,16:00,Personal
Attend project status meeting,14-10-2024,13:45,Professional
Schedule a doctor appointment,23-09-2024,08:45,Personal
Order dinner for tonight,10-10-2024,17:30,Personal
Create budget forecast,15-10-2024,13:30,Professional
Create budget forecast,22-09-2024,14:15,Professional
Call mom in the evening,07-10-2024,08:45,Personal
Schedule maintenance for car,27-09-2024,12:30,Personal
Attend project status meeting,19-10-2024,08:45,Professional
Pay utility bills,20-09-2024,18:30,Personal
Prepare for an office presentation,15-10-2024,09:45,Professional
Book a dentist appointment,19-10-2024,15:00,Personal
Send proposal to new clients,25-09-2024,11:45,Professional
Prepare for an office presentation,17-10-2024,12:30,Professional
Set an alarm for tomorrow,19-10-2024,14:00,Personal
Send the updated contract,08-10-2024,18:00,Professional
